{
    "inputs": {
        "mesh": {
            "n_points": 5,
            "n_cells": 2,
            "points": [
                [
                    0.0,
                    123.0,
                    0.0
                ],
                [
                    1.0,
                    0.0,
                    0.0
                ],
                [
                    0.0,
                    1.0,
                    0.0
                ],
                [
                    1.0,
                    1.0,
                    0.0
                ],
                [
                    0.5,
                    0.5,
                    1.0
                ]
            ],
            "num_points_per_cell": [
                4,
                4
            ],
            "cell_connectivity": [
                0,
                1,
                2,
                3,
                1,
                2,
                3,
                4
            ],
            "cell_data": {
                "temperature": [
                    [
                        100.0,
                        105.0
                    ],
                    [
                        110.0,
                        115.0
                    ]
                ],
                "pressure": [
                    [
                        1.0,
                        1.2
                    ],
                    [
                        1.1,
                        1.3
                    ]
                ]
            },
            "point_data": {
                "displacement": [
                    [
                        0.0,
                        0.1,
                        0.2
                    ],
                    [
                        0.1,
                        0.0,
                        0.2
                    ],
                    [
                        0.2,
                        0.1,
                        0.0
                    ],
                    [
                        0.1,
                        0.2,
                        0.1
                    ],
                    [
                        0.2,
                        0.1,
                        0.1
                    ]
                ],
                "velocity": [
                    [
                        0.0,
                        0.0,
                        0.0
                    ],
                    [
                        0.1,
                        0.0,
                        0.0
                    ],
                    [
                        0.0,
                        0.1,
                        0.0
                    ],
                    [
                        0.0,
                        0.0,
                        0.1
                    ],
                    [
                        0.1,
                        0.1,
                        0.1
                    ]
                ]
            }
        }
    }
}
